{"cameraMode":{"drawMode":0,"name":"Shaded","section":"Shading Mode"},"sceneLighting":false,"audioPlay":false,"sceneViewState":{"m_AlwaysRefresh":false,"showFog":false,"showSkybox":false,"showFlares":false,"showImageEffects":false,"showParticleSystems":false,"showVisualEffectGraphs":true,"m_FxEnabled":true},"in2DMode":false,"pivot":{"x":0.4216543436050415,"y":0.12754857540130616,"z":-0.9066576957702637},"rotation":{"x":0.000034312241041334346,"y":0.9934741854667664,"z":-0.11406087875366211,"w":0.00029909328441135585},"size":2.7325806617736818,"orthographic":false}