{"cameraMode":{"drawMode":0,"name":"Shaded","section":"Shading Mode"},"sceneLighting":false,"audioPlay":false,"sceneViewState":{"m_AlwaysRefresh":false,"showFog":false,"showSkybox":false,"showFlares":false,"showImageEffects":false,"showParticleSystems":false,"showVisualEffectGraphs":true,"m_FxEnabled":true},"in2DMode":false,"pivot":{"x":-0.28327590227127077,"y":-0.044801175594329837,"z":-1.5045042037963868},"rotation":{"x":-0.00806813407689333,"y":0.9919115900993347,"z":-0.09282438457012177,"w":-0.08621367067098618},"size":2.3994102478027345,"orthographic":false}